Player_Id,Year,Team,Games_Played,Receptions,Yards,Average,Long,TDs,First_Downs,First_Down_Percentage,Receptions_Over_Twenty_Yards,Receptions_Over_Forty_Yards
tavon-austin,2020,GreenBayPackers,4,5,20,4,7,0,1,20,0,0
antony-auclair,2020,TampaBayBuccaneers,8,0,0,0,--,0,0,0,0,0
marcell-ateman,2020,LasVegasRaiders,--,--,--,--,--,--,--,--,--,--
devin-asiasi,2020,NewEnglandPatriots,9,2,39,19.5,26,1,2,100,1,0
dan-arnold,2020,ArizonaCardinals,16,31,438,14.1,59,4,24,77.42,8,2
ryquell-armstead,2020,JacksonvilleJaguars,--,--,--,--,--,--,--,--,--,--
alex-armah,2020,CarolinaPanthers,16,5,18,3.6,14,0,1,20,0,0
j-j-arcega-whiteside,2020,PhiladelphiaEagles,8,4,85,21.3,37,0,4,100,2,0
mark-andrews,2020,BaltimoreRavens,14,58,701,12.1,39,7,37,63.79,10,0
stephen-anderson,2020,LosAngelesChargers,16,8,106,13.3,23,0,7,87.5,1,0
robby-anderson,2020,CarolinaPanthers,16,95,1096,11.5,75,3,49,51.58,16,2
danny-amendola,2020,DetroitLions,14,46,602,13.1,50,0,30,65.22,8,1
tyson-alualu,2020,PittsburghSteelers,15,--,--,--,--,--,--,--,--,--
geronimo-allison,2020,DetroitLions,--,--,--,--,--,--,--,--,--,--
keenan-allen,2020,LosAngelesChargers,14,100,992,9.9,28,8,61,61,10,0
josh-allen-4,2020,BuffaloBills,16,1,12,12,12,1,1,100,0,0
mo-alie-cox,2020,IndianapolisColts,15,31,394,12.7,45,2,19,61.29,6,1
jordan-akins,2020,HoustonTexans,13,37,403,10.9,26,1,20,54.05,7,0
cam-akers,2020,LosAngelesRams,13,11,123,11.2,38,1,4,36.36,2,0
brandon-aiyuk,2020,SanFrancisco49ers,12,60,748,12.5,49,5,43,71.67,10,1
salvon-ahmed,2020,MiamiDolphins,6,11,61,5.6,13,0,2,18.18,0,0
jamal-agnew,2020,DetroitLions,14,13,89,6.9,20,0,4,30.77,1,0
nelson-agholor,2020,LasVegasRaiders,16,48,896,18.7,85,8,37,77.08,15,5
josh-adams,2020,NewYorkJets,8,6,29,4.8,11,0,2,33.33,0,0
jerell-adams,2020,DetroitLions,--,--,--,--,--,--,--,--,--,--
davante-adams,2020,GreenBayPackers,14,115,1374,12,56,18,73,63.48,18,5
ameer-abdullah,2020,MinnesotaVikings,16,8,58,7.3,22,2,4,50,1,0
damiere-byrd,2020,NewEnglandPatriots,16,47,604,12.9,42,1,29,61.7,10,1
kevin-byard,2020,TennesseeTitans,16,--,--,--,--,--,--,--,--,--
jake-butt,2020,DenverBroncos,5,2,5,2.5,5,0,0,0,0,0
trey-burton,2020,IndianapolisColts,13,28,250,8.9,20,3,14,50,1,0
michael-burton,2020,NewOrleansSaints,15,4,28,7,12,0,1,25,0,0
deontay-burnett,2020,PhiladelphiaEagles,2,3,19,6.3,10,0,1,33.33,0,0
rex-burkhead,2020,NewEnglandPatriots,10,25,192,7.7,24,3,11,44,1,0
ventell-bryant,2020,CarolinaPanthers,--,--,--,--,--,--,--,--,--,--
hunter-bryant,2020,DetroitLions,5,1,44,44,44,0,1,100,1,1
harrison-bryant,2020,ClevelandBrowns,15,24,238,9.9,35,3,14,58.33,1,0
dez-bryant,2020,BaltimoreRavens,6,6,47,7.8,16,2,3,50,0,0
pharaoh-brown,2020,HoustonTexans,13,14,163,11.6,29,2,9,64.29,2,0
noah-brown,2020,DallasCowboys,16,14,154,11,20,0,6,42.86,1,0
malcolm-brown,2020,LosAngelesRams,16,23,162,7,30,0,9,39.13,1,0
john-brown,2020,BuffaloBills,9,33,458,13.9,46,3,22,66.67,7,1
jaron-brown,2020,ArizonaCardinals,--,--,--,--,--,--,--,--,--,--
fred-brown,2020,DenverBroncos,1,--,--,--,--,--,--,--,--,--
a-j-brown,2020,TennesseeTitans,14,70,1075,15.4,73,11,55,78.57,13,5
marquise-brown,2020,BaltimoreRavens,16,58,769,13.3,70,8,35,60.34,13,4
daniel-brown,2020,NewYorkJets,16,2,31,15.5,18,0,2,100,0,0
antonio-brown,2020,TampaBayBuccaneers,8,45,483,10.7,46,4,27,60,6,1
jacoby-brissett,2020,IndianapolisColts,11,--,--,--,--,--,--,--,--,--
matt-breida,2020,MiamiDolphins,12,9,96,10.7,31,0,5,55.56,2,0
drew-brees,2020,NewOrleansSaints,12,--,--,--,--,--,--,--,--,--
cameron-brate,2020,TampaBayBuccaneers,16,28,282,10.1,25,2,17,60.71,2,0
tom-brady,2020,TampaBayBuccaneers,16,--,--,--,--,--,--,--,--,--
ja-marcus-bradley,2020,ClevelandBrowns,3,5,60,12,22,0,2,40,1,0
garrett-bradbury,2020,MinnesotaVikings,16,--,--,--,--,--,--,--,--,--
nick-boyle,2020,BaltimoreRavens,9,14,113,8.1,21,2,8,57.14,1,0
miles-boykin,2020,BaltimoreRavens,16,19,266,14,43,4,14,73.68,3,1
tyler-boyd,2020,CincinnatiBengals,15,79,841,10.7,72,4,43,54.43,7,1
lynn-bowden,2020,MiamiDolphins,10,28,211,7.5,22,0,13,46.43,1,0
kendrick-bourne,2020,SanFrancisco49ers,15,49,667,13.6,49,2,35,71.43,7,1
blake-bortles,2020,LosAngelesRams,0,--,--,--,--,--,--,--,--,--
mike-boone,2020,MinnesotaVikings,16,2,10,5,6,0,0,0,0,0
devontae-booker,2020,LasVegasRaiders,16,17,84,4.9,17,0,2,11.76,0,0
reggie-bonnafon,2020,CarolinaPanthers,2,2,18,9,15,1,2,100,0,0
victor-bolden,2020,DetroitLions,--,--,--,--,--,--,--,--,--,--
brandon-bolden,2020,NewEnglandPatriots,--,--,--,--,--,--,--,--,--,--
tommy-bohanon,2020,BaltimoreRavens,--,--,--,--,--,--,--,--,--,--
c-j-board,2020,NewYorkGiants,14,11,101,9.2,16,0,6,54.55,0,0
david-blough,2020,DetroitLions,1,--,--,--,--,--,--,--,--,--
khari-blasingame,2020,TennesseeTitans,15,4,39,9.8,16,0,2,50,0,0
christian-blake,2020,AtlantaFalcons,16,13,141,10.9,25,0,6,46.15,3,0
justin-blackmon,2020,JacksonvilleJaguars,--,--,--,--,--,--,--,--,--,--
braxton-berrios,2020,NewYorkJets,16,37,394,10.7,43,3,19,51.35,6,1
giovani-bernard,2020,CincinnatiBengals,16,47,355,7.6,42,3,15,31.91,3,1
travis-benjamin,2020,SanFrancisco49ers,--,--,--,--,--,--,--,--,--,--
nick-lalonde-bellore,2020,SeattleSeahawks,16,1,9,9,9,0,1,100,0,0
levante-bellamy,2020,DenverBroncos,5,1,5,5,5,0,0,0,0,0
le-veon-bell,2020,KansasCityChiefs,11,16,138,8.6,30,0,7,43.75,1,0
blake-bell,2020,DallasCowboys,16,11,110,10,24,0,7,63.64,1,0
chad-beebe,2020,MinnesotaVikings,14,20,201,10.1,40,2,12,60,1,1
odell-beckham,2020,ClevelandBrowns,7,23,319,13.9,43,3,17,73.91,3,1
andrew-beck,2020,DenverBroncos,10,--,--,--,--,--,--,--,--,--
cole-beasley,2020,BuffaloBills,15,82,967,11.8,35,4,53,64.63,15,0
nick-bawden,2020,DetroitLions,--,--,--,--,--,--,--,--,--,--
marcus-baugh,2020,WashingtonFootballTeam,8,1,2,2,2,0,0,0,0,0
cameron-batson,2020,TennesseeTitans,12,12,100,8.3,18,1,7,58.33,0,0
kenjon-barner,2020,TampaBayBuccaneers,6,0,0,0,--,0,0,0,0,0
saquon-barkley,2020,NewYorkGiants,2,6,60,10,38,0,3,50,1,0
matt-barkley,2020,BuffaloBills,5,--,--,--,--,--,--,--,--,--
peyton-barber,2020,WashingtonFootballTeam,16,4,12,3,7,0,1,25,0,0
kalen-ballage,2020,LosAngelesChargers,11,29,166,5.7,21,0,5,17.24,1,0
sean-culkin,2020,BaltimoreRavens,1,--,--,--,--,--,--,--,--,--
dane-cruikshank,2020,TennesseeTitans,2,--,--,--,--,--,--,--,--,--
jamison-crowder,2020,NewYorkJets,12,59,699,11.9,69,6,32,54.24,9,2
jason-croom,2020,PhiladelphiaEagles,4,1,3,3,3,1,1,100,0,0
river-cracraft,2020,SanFrancisco49ers,9,6,41,6.8,12,0,2,33.33,0,0
chandler-cox,2020,MiamiDolphins,8,2,9,4.5,6,0,1,50,0,0
keke-coutee,2020,HoustonTexans,8,33,400,12.1,64,3,18,54.55,3,2
kirk-cousins,2020,MinnesotaVikings,16,--,--,--,--,--,--,--,--,--
cody-core,2020,NewYorkGiants,--,--,--,--,--,--,--,--,--,--
pharoh-cooper,2020,CarolinaPanthers,16,5,73,14.6,32,0,3,60,1,0
amari-cooper,2020,DallasCowboys,16,92,1114,12.1,69,5,54,58.7,13,3
brandin-cooks,2020,HoustonTexans,15,81,1150,14.2,57,6,52,64.2,20,3
jared-cook,2020,NewOrleansSaints,15,37,504,13.6,46,7,27,72.97,6,3
dalvin-cook,2020,MinnesotaVikings,14,44,361,8.2,50,1,17,38.64,4,1
james-conner,2020,PittsburghSteelers,13,35,215,6.1,18,0,10,28.57,0,0
chris-conley,2020,JacksonvilleJaguars,15,40,471,11.8,51,2,24,60,5,1
tyler-conklin,2020,MinnesotaVikings,16,19,194,10.2,30,1,11,57.89,2,0
alex-collins,2020,SeattleSeahawks,3,1,4,4,4,0,0,0,0,0
tevin-coleman,2020,SanFrancisco49ers,8,4,34,8.5,18,0,2,50,0,0
corey-coleman,2020,NewYorkGiants,--,--,--,--,--,--,--,--,--,--
keelan-cole,2020,JacksonvilleJaguars,16,55,642,11.7,51,5,34,61.82,8,1
tarik-cohen,2020,ChicagoBears,3,6,41,6.8,20,0,1,16.67,1,0
randall-cobb,2020,HoustonTexans,10,38,441,11.6,34,3,20,52.63,6,0
tyrie-cleveland,2020,DenverBroncos,10,6,63,10.5,17,0,4,66.67,0,0
corey-clement,2020,PhiladelphiaEagles,15,5,25,5,12,0,2,40,0,0
chase-claypool,2020,PittsburghSteelers,16,62,873,14.1,84,9,41,66.13,14,2
nick-chubb,2020,ClevelandBrowns,12,16,150,9.4,26,0,6,37.5,1,0
d-j-chark,2020,JacksonvilleJaguars,13,53,706,13.3,73,5,37,69.81,10,2
quintez-cephus,2020,DetroitLions,13,20,349,17.5,49,2,16,80,7,1
anthony-castonzo,2020,IndianapolisColts,12,--,--,--,--,--,--,--,--,--
deandre-carter,2020,ChicagoBears,13,1,8,8,8,0,0,0,0,0
cethan-carter,2020,CincinnatiBengals,15,5,53,10.6,24,0,3,60,2,0
chris-carson,2020,SeattleSeahawks,12,37,287,7.8,29,4,14,37.84,2,0
derek-carrier,2020,LasVegasRaiders,16,1,14,14,14,0,1,100,0,0
derek-carr,2020,LasVegasRaiders,16,--,--,--,--,--,--,--,--,--
austin-carr,2020,NewOrleansSaints,6,3,27,9,11,1,3,100,0,0
stephen-carlson,2020,ClevelandBrowns,16,1,11,11,11,0,1,100,0,0
trenton-cannon,2020,CarolinaPanthers,14,3,16,5.3,19,0,1,33.33,0,0
parris-campbell,2020,IndianapolisColts,2,6,71,11.8,21,0,4,66.67,1,0
marquez-callaway,2020,NewOrleansSaints,11,21,213,10.1,27,0,10,47.62,1,0
antonio-callaway,2020,MiamiDolphins,5,2,20,10,13,0,1,50,0,0
deon-cain,2020,PittsburghSteelers,2,--,--,--,--,--,--,--,--,--
lawrence-cager,2020,NewYorkJets,2,2,35,17.5,19,0,2,100,0,0
jason-cabinda,2020,DetroitLions,16,2,8,4,4,0,1,50,0,0
ross-dwelley,2020,SanFrancisco49ers,16,19,245,12.9,36,1,10,52.63,3,0
devin-duvernay,2020,BaltimoreRavens,16,20,201,10.1,39,0,8,40,1,0
quinton-dunbar,2020,SeattleSeahawks,6,--,--,--,--,--,--,--,--,--
ashton-dulin,2020,IndianapolisColts,13,3,53,17.7,34,0,2,66.67,1,0
jeff-driskel,2020,DenverBroncos,3,--,--,--,--,--,--,--,--,--
kenyan-drake,2020,ArizonaCardinals,15,25,137,5.5,18,0,5,20,0,0
jack-doyle,2020,IndianapolisColts,14,23,251,10.9,28,3,13,56.52,2,0
keelan-doss,2020,LasVegasRaiders,1,--,--,--,--,--,--,--,--,--
phillip-dorsett,2020,SeattleSeahawks,0,--,--,--,--,--,--,--,--,--
josh-doctson,2020,NewYorkJets,--,--,--,--,--,--,--,--,--,--
j-k-dobbins,2020,BaltimoreRavens,15,18,120,6.7,19,0,4,22.22,0,0
will-dissly,2020,SeattleSeahawks,16,24,251,10.5,28,2,12,50,3,0
brandon-dillon,2020,MinnesotaVikings,3,1,6,6,6,0,0,0,0,0
a-j-dillon,2020,GreenBayPackers,11,2,21,10.5,16,0,1,50,0,0
stefon-diggs,2020,BuffaloBills,16,127,1535,12.1,55,8,73,57.48,20,5
gehrig-dieter,2020,KansasCityChiefs,4,1,10,10,10,0,1,100,0,0
seth-devalve,2020,ArizonaCardinals,4,0,0,0,--,0,0,0,0,0
michael-deiter,2020,MiamiDolphins,16,--,--,--,--,--,--,--,--,--
josiah-deguara,2020,GreenBayPackers,2,1,12,12,12,0,1,100,0,0
taylor-decker,2020,DetroitLions,16,--,--,--,--,--,--,--,--,--
dion-dawkins,2020,BuffaloBills,16,--,--,--,--,--,--,--,--,--
trevor-davis,2020,WashingtonFootballTeam,--,--,--,--,--,--,--,--,--,--
robert-davis,2020,LasVegasRaiders,--,--,--,--,--,--,--,--,--,--
rashard-davis,2020,TennesseeTitans,--,--,--,--,--,--,--,--,--,--
mike-davis,2020,CarolinaPanthers,15,59,373,6.3,23,2,17,28.81,4,0
gabriel-davis,2020,BuffaloBills,16,35,599,17.1,56,7,27,77.14,10,3
corey-davis,2020,TennesseeTitans,14,65,984,15.1,75,5,49,75.38,14,3
cody-davis,2020,NewEnglandPatriots,13,--,--,--,--,--,--,--,--,--
amara-darboh,2020,CarolinaPanthers,--,--,--,--,--,--,--,--,--,--
darrell-daniels,2020,ArizonaCardinals,12,8,92,11.5,31,1,4,50,2,0
chase-daniel,2020,DetroitLions,4,--,--,--,--,--,--,--,--,--
andy-dalton,2020,DallasCowboys,11,1,-3,-3,-3,0,0,0,0,0
deejay-dallas,2020,SeattleSeahawks,12,17,111,6.5,13,1,5,29.41,0,0
dominique-dafney,2020,GreenBayPackers,5,2,26,13,13,1,2,100,0,0
gerald-everett,2020,LosAngelesRams,16,41,417,10.2,40,1,24,58.54,3,1
mike-evans,2020,TampaBayBuccaneers,16,70,1006,14.4,50,13,55,78.57,20,2
darrynton-evans,2020,TennesseeTitans,5,2,27,13.5,24,1,2,100,1,0
tyler-ervin,2020,GreenBayPackers,8,11,84,7.6,24,0,6,54.55,1,0
zach-ertz,2020,PhiladelphiaEagles,11,36,335,9.3,42,1,16,44.44,4,1
alex-erickson,2020,CincinnatiBengals,16,12,139,11.6,42,0,5,41.67,2,1
evan-engram,2020,NewYorkGiants,16,63,654,10.4,53,1,32,50.79,6,2
ezekiel-elliott,2020,DallasCowboys,15,52,338,6.5,19,2,20,38.46,0,0
ben-ellefson,2020,JacksonvilleJaguars,7,1,10,10,10,0,1,100,0,0
austin-ekeler,2020,LosAngelesChargers,10,54,403,7.5,28,2,20,37.04,2,0
tyler-eifert,2020,JacksonvilleJaguars,15,36,349,9.7,28,2,22,61.11,1,0
clyde-edwards-helaire,2020,KansasCityChiefs,13,36,297,8.3,26,1,12,33.33,3,0
gus-edwards,2020,BaltimoreRavens,16,9,129,14.3,34,0,4,44.44,3,0
bryan-edwards,2020,LasVegasRaiders,12,11,193,17.6,34,1,9,81.82,5,0
trey-edmunds,2020,PittsburghSteelers,4,--,--,--,--,--,--,--,--,--
chase-edmonds,2020,ArizonaCardinals,16,53,402,7.6,30,4,21,39.62,2,0
julian-edelman,2020,NewEnglandPatriots,6,21,315,15,49,0,18,85.71,3,1
eric-ebron,2020,PittsburghSteelers,15,56,558,10,27,5,30,53.57,6,0
devin-funchess,2020,GreenBayPackers,--,--,--,--,--,--,--,--,--,--
troy-fumagalli,2020,DenverBroncos,8,8,80,10,29,1,6,75,1,0
will-fuller,2020,HoustonTexans,11,53,879,16.6,77,8,38,71.7,14,4
travis-fulgham,2020,PhiladelphiaEagles,13,38,539,14.2,42,4,26,68.42,5,2
royce-freeman,2020,DenverBroncos,16,12,81,6.8,28,0,4,33.33,1,0
devonta-freeman,2020,BuffaloBills,5,7,58,8.3,18,0,3,42.86,0,0
jordan-franks,2020,ClevelandBrowns,--,--,--,--,--,--,--,--,--,--
bennie-fowler,2020,NewOrleansSaints,5,2,11,5.5,7,0,1,50,0,0
leonard-fournette,2020,TampaBayBuccaneers,13,36,233,6.5,20,0,9,25,1,0
daurice-fountain,2020,IndianapolisColts,5,2,23,11.5,12,0,2,100,0,0
robert-foster,2020,WashingtonFootballTeam,4,2,37,18.5,28,0,2,100,1,0
d-j-foster,2020,ArizonaCardinals,10,1,7,7,7,0,1,100,0,0
d-onta-foreman,2020,TennesseeTitans,6,1,5,5,5,1,1,100,0,0
isaiah-ford,2020,MiamiDolphins,10,28,276,9.9,18,0,18,64.29,0,0
nick-foles,2020,ChicagoBears,9,--,--,--,--,--,--,--,--,--
ereck-flowers,2020,MiamiDolphins,14,--,--,--,--,--,--,--,--,--
matt-flanagan,2020,JacksonvilleJaguars,--,--,--,--,--,--,--,--,--,--
joe-flacco,2020,NewYorkJets,5,--,--,--,--,--,--,--,--,--
ryan-fitzpatrick,2020,MiamiDolphins,9,1,0,0,0,0,0,0,0,0
larry-fitzgerald,2020,ArizonaCardinals,13,54,409,7.6,18,1,25,46.3,0,0
eric-fisher,2020,KansasCityChiefs,15,1,2,2,2,1,1,100,0,0
anthony-firkser,2020,TennesseeTitans,16,39,387,9.9,45,1,26,66.67,4,1
darren-fells,2020,HoustonTexans,16,21,312,14.9,44,4,16,76.19,3,1
noah-fant,2020,DenverBroncos,15,62,673,10.9,37,3,34,54.84,8,0
george-fant,2020,NewYorkJets,14,--,--,--,--,--,--,--,--,--
jalen-guyton,2020,LosAngelesChargers,16,28,511,18.3,72,3,18,64.29,7,4
todd-gurley,2020,AtlantaFalcons,15,25,164,6.6,26,0,7,28,1,0
rob-gronkowski,2020,TampaBayBuccaneers,16,45,623,13.8,48,7,29,64.44,10,2
xavier-grimble,2020,BaltimoreRavens,--,--,--,--,--,--,--,--,--,--
ryan-francis-griffin,2020,NewYorkJets,15,9,86,9.6,23,0,4,44.44,1,0
garrett-griffin,2020,NewOrleansSaints,4,--,--,--,--,--,--,--,--,--
virgil-green,2020,LosAngelesChargers,6,3,50,16.7,26,1,2,66.67,1,0
a-j-green,2020,CincinnatiBengals,16,47,523,11.1,33,2,34,72.34,3,0
cyril-grayson,2020,TampaBayBuccaneers,3,0,0,0,--,0,0,0,0,0
hroniss-grasu,2020,SanFrancisco49ers,9,--,--,--,--,--,--,--,--,--
jakeem-grant,2020,MiamiDolphins,14,36,373,10.4,30,1,22,61.11,3,0
jimmy-graham,2020,ChicagoBears,16,50,456,9.1,30,8,32,64,4,0
jaeden-graham,2020,AtlantaFalcons,16,3,25,8.3,11,0,1,33.33,0,0
frank-gore,2020,NewYorkJets,15,16,89,5.6,9,0,3,18.75,0,0
melvin-gordon,2020,DenverBroncos,15,32,158,4.9,20,1,7,21.88,1,0
josh-gordon,2020,SeattleSeahawks,--,--,--,--,--,--,--,--,--,--
marquise-goodwin,2020,PhiladelphiaEagles,--,--,--,--,--,--,--,--,--,--
kenny-golladay,2020,DetroitLions,5,20,338,16.9,48,2,16,80,4,1
dallas-goedert,2020,PhiladelphiaEagles,11,46,524,11.4,41,3,28,60.87,7,1
terry-godwin,2020,JacksonvilleJaguars,3,3,32,10.7,21,0,2,66.67,1,0
chris-godwin,2020,TampaBayBuccaneers,12,65,840,12.9,47,7,43,66.15,13,4
ted-ginn,2020,ChicagoBears,6,3,40,13.3,29,0,1,33.33,1,0
reggie-gilliam,2020,BuffaloBills,14,2,16,8,15,1,2,100,0,0
cullen-gillaspia,2020,HoustonTexans,7,1,6,6,6,0,0,0,0,0
shelton-gibson,2020,CarolinaPanthers,--,--,--,--,--,--,--,--,--,--
antonio-gibson-2,2020,WashingtonFootballTeam,14,36,247,6.9,40,0,9,25,2,1
mike-gesicki,2020,MiamiDolphins,15,53,703,13.3,70,6,36,67.92,10,1
zach-gentry,2020,PittsburghSteelers,2,--,--,--,--,--,--,--,--,--
tanner-gentry,2020,BuffaloBills,--,--,--,--,--,--,--,--,--,--
myles-gaskin,2020,MiamiDolphins,10,41,388,9.5,59,2,12,29.27,3,1
jimmy-garoppolo,2020,SanFrancisco49ers,6,--,--,--,--,--,--,--,--,--
antonio-gandy-golden,2020,WashingtonFootballTeam,6,1,3,3,3,0,0,0,0,0
michael-gallup,2020,DallasCowboys,16,59,843,14.3,55,5,44,74.58,11,3
wayne-gallman,2020,NewYorkGiants,15,21,114,5.4,19,0,6,28.57,0,0
russell-gage,2020,AtlantaFalcons,16,72,786,10.9,35,4,50,69.44,6,0
rico-gafford,2020,LasVegasRaiders,3,0,0,0,--,0,0,0,0,0
blaine-gabbert,2020,TampaBayBuccaneers,4,--,--,--,--,--,--,--,--,--
ishmael-hyman,2020,CarolinaPanthers,--,--,--,--,--,--,--,--,--,--
carlos-hyde,2020,SeattleSeahawks,10,16,93,5.8,18,0,4,25,0,0
jalen-hurts,2020,PhiladelphiaEagles,15,1,3,3,3,0,0,0,0,0
hayden-hurst,2020,AtlantaFalcons,16,56,571,10.2,42,6,35,62.5,5,1
allen-hurns,2020,MiamiDolphins,--,--,--,--,--,--,--,--,--,--
jason-huntley,2020,PhiladelphiaEagles,5,1,0,0,0,0,0,0,0,0
kareem-hunt,2020,ClevelandBrowns,16,38,304,8,26,5,19,50,3,0
brett-hundley,2020,ArizonaCardinals,0,--,--,--,--,--,--,--,--,--
adam-humphries,2020,TennesseeTitans,7,23,228,9.9,23,2,11,47.83,2,0
lil-jordan-humphrey,2020,NewOrleansSaints,3,3,46,15.3,17,1,3,100,0,0
tanner-hudson,2020,TampaBayBuccaneers,11,3,41,13.7,20,0,3,100,1,0
buddy-howell,2020,HoustonTexans,14,1,3,3,3,0,0,0,0,0
o-j-howard,2020,TampaBayBuccaneers,4,11,146,13.3,33,2,8,72.73,2,0
jordan-howard,2020,PhiladelphiaEagles,7,1,-3,-3,-3,0,0,0,0,0
jesper-horsted,2020,ChicagoBears,--,--,--,--,--,--,--,--,--,--
deandre-hopkins,2020,ArizonaCardinals,16,115,1407,12.2,60,6,75,65.22,17,6
austin-hooper,2020,ClevelandBrowns,13,46,435,9.5,36,4,27,58.7,3,0
travis-homer,2020,SeattleSeahawks,9,9,90,10,50,1,4,44.44,1,1
j-p-holtz,2020,ChicagoBears,16,0,0,0,--,0,0,0,0,0
johnny-holton,2020,NewYorkGiants,1,--,--,--,--,--,--,--,--,--
jacob-hollister,2020,SeattleSeahawks,16,25,209,8.4,20,3,14,56,1,0
cody-hollister,2020,TennesseeTitans,2,1,12,12,12,0,1,100,0,0
mack-hollins,2020,MiamiDolphins,16,16,176,11,34,1,7,43.75,2,0
alexander-hollins,2020,ClevelandBrowns,0,--,--,--,--,--,--,--,--,--
krishawn-hogan,2020,ArizonaCardinals,--,--,--,--,--,--,--,--,--,--
chris-hogan,2020,NewYorkJets,5,14,118,8.4,27,0,6,42.86,1,0
khadarel-hodge,2020,ClevelandBrowns,9,11,180,16.4,42,0,11,100,2,1
t-j-hockenson,2020,DetroitLions,16,67,723,10.8,51,6,40,59.7,6,1
nyheim-hines,2020,IndianapolisColts,16,63,482,7.7,29,4,24,38.1,2,0
t-y-hilton,2020,IndianapolisColts,15,56,762,13.6,50,5,42,75,11,3
dontrell-hilliard,2020,HoustonTexans,7,1,2,2,2,0,0,0,0,0
tyreek-hill,2020,KansasCityChiefs,15,87,1276,14.7,75,15,57,65.52,20,5
taysom-hill,2020,NewOrleansSaints,16,8,98,12.3,21,1,4,50,2,0
k-j-hill,2020,LosAngelesChargers,15,7,73,10.4,25,0,2,28.57,1,0
josh-hill,2020,NewOrleansSaints,14,8,46,5.8,16,1,3,37.5,0,0
justice-hill,2020,BaltimoreRavens,12,5,20,4,8,0,0,0,0,0
brian-hill,2020,AtlantaFalcons,16,25,199,8,26,0,7,28,2,0
cole-hikutini,2020,DallasCowboys,--,--,--,--,--,--,--,--,--,--
john-hightower,2020,PhiladelphiaEagles,13,10,167,16.7,59,0,5,50,2,2
tee-higgins,2020,CincinnatiBengals,16,67,908,13.6,67,6,52,77.61,14,2
rashard-higgins,2020,ClevelandBrowns,13,37,599,16.2,43,4,26,70.27,12,2
tyler-higbee,2020,LosAngelesRams,15,44,521,11.8,44,5,27,61.36,9,1
chris-herndon,2020,NewYorkJets,16,31,287,9.3,26,3,17,54.84,3,0
hale-hentges,2020,MinnesotaVikings,1,--,--,--,--,--,--,--,--,--
hunter-henry,2020,LosAngelesChargers,14,60,613,10.2,33,4,35,58.33,5,0
derrick-henry,2020,TennesseeTitans,16,19,114,6,53,0,4,21.05,1,1
chad-henne,2020,KansasCityChiefs,3,--,--,--,--,--,--,--,--,--
darrell-henderson,2020,LosAngelesRams,15,16,159,9.9,28,1,8,50,1,0
temarrick-hemingway,2020,WashingtonFootballTeam,8,1,10,10,10,0,1,100,0,0
charlie-heck,2020,HoustonTexans,3,0,8,0,8,0,0,0,0,0
jamycal-hasty,2020,SanFrancisco49ers,8,7,33,4.7,16,0,0,0,0,0
penny-hart,2020,SeattleSeahawks,13,1,3,3,3,0,0,0,0,0
n-keal-harry,2020,NewEnglandPatriots,14,33,309,9.4,30,2,15,45.45,2,0
dwayne-harris,2020,ChicagoBears,3,--,--,--,--,--,--,--,--,--
deonte-harris,2020,NewOrleansSaints,9,20,186,9.3,40,1,10,50,1,1
de-michael-harris,2020,IndianapolisColts,7,10,79,7.9,21,0,3,30,1,0
demetrius-harris,2020,ChicagoBears,15,7,45,6.4,9,0,2,28.57,0,0
damien-harris,2020,NewEnglandPatriots,10,5,52,10.4,15,0,4,80,0,0
kelvin-harmon,2020,WashingtonFootballTeam,--,--,--,--,--,--,--,--,--,--
mecole-hardman,2020,KansasCityChiefs,16,41,560,13.7,49,4,23,56.1,7,1
justin-hardee,2020,NewOrleansSaints,10,--,--,--,--,--,--,--,--,--
chad-hansen,2020,HoustonTexans,5,17,236,13.9,38,1,11,64.71,3,0
k-j-hamler,2020,DenverBroncos,13,30,381,12.7,49,3,17,56.67,5,1
daesean-hamilton,2020,DenverBroncos,16,23,293,12.7,40,2,16,69.57,2,1
c-j-ham,2020,MinnesotaVikings,15,8,97,12.1,30,1,6,75,1,0
marvin-hall,2020,ClevelandBrowns,12,18,302,16.8,73,2,10,55.56,4,2
ryan-izzo,2020,NewEnglandPatriots,12,13,199,15.3,50,0,6,46.15,3,1
mike-iupati,2020,SeattleSeahawks,10,--,--,--,--,--,--,--,--,--
andy-isabella,2020,ArizonaCardinals,13,21,224,10.7,54,2,10,47.62,3,1
trenton-irwin,2020,CincinnatiBengals,1,1,5,5,5,0,0,0,0,0
dontrelle-inman,2020,WashingtonFootballTeam,10,18,163,9.1,17,2,11,61.11,0,0
mark-ingram,2020,BaltimoreRavens,11,6,50,8.3,18,0,2,33.33,0,0
alec-ingold,2020,LasVegasRaiders,16,12,110,9.2,23,1,9,75,2,0
kyle-juszczyk,2020,SanFrancisco49ers,16,19,202,10.6,41,4,10,52.63,3,1
taiwan-jones,2020,BuffaloBills,13,0,0,0,--,0,0,0,0,0
ronald-jones,2020,TampaBayBuccaneers,14,28,165,5.9,37,1,2,7.14,1,0
julio-jones,2020,AtlantaFalcons,9,51,771,15.1,44,3,36,70.59,16,2
marvin-jones,2020,DetroitLions,16,76,978,12.9,43,9,52,68.42,19,1
zay-jones,2020,LasVegasRaiders,16,14,154,11,37,1,6,42.86,1,0
charles-jones,2020,PittsburghSteelers,--,--,--,--,--,--,--,--,--,--
aaron-jones,2020,GreenBayPackers,14,47,355,7.6,30,2,15,31.91,4,0
tyron-johnson,2020,LosAngelesChargers,12,20,398,19.9,55,3,15,75,7,4
tyler-johnson,2020,TampaBayBuccaneers,14,12,169,14.1,35,2,9,75,3,0
marcus-johnson,2020,TennesseeTitans,11,14,255,18.2,55,0,11,78.57,6,1
kerryon-johnson,2020,DetroitLions,16,19,187,9.8,20,1,11,57.89,1,0
juwan-johnson,2020,NewOrleansSaints,7,4,39,9.8,19,0,3,75,0,0
jakob-johnson,2020,NewEnglandPatriots,16,8,35,4.4,12,1,3,37.5,0,0
d-ernest-johnson,2020,ClevelandBrowns,16,3,14,4.7,5,0,0,0,0,0
david-johnson,2020,HoustonTexans,12,33,314,9.5,32,2,16,48.48,4,0
collin-johnson,2020,JacksonvilleJaguars,14,18,272,15.1,46,2,12,66.67,5,1
bisi-johnson,2020,MinnesotaVikings,16,14,189,13.5,29,0,9,64.29,3,0
ty-johnson,2020,NewYorkJets,13,16,99,6.2,18,1,6,37.5,0,0
keesean-johnson,2020,ArizonaCardinals,8,15,173,11.5,45,0,7,46.67,2,1
diontae-johnson,2020,PittsburghSteelers,15,88,923,10.5,47,7,45,51.14,10,4
duke-johnson,2020,HoustonTexans,11,28,249,8.9,48,1,8,28.57,3,1
jerry-jeudy,2020,DenverBroncos,16,52,856,16.5,92,3,39,75,14,4
alshon-jeffery,2020,PhiladelphiaEagles,7,6,115,19.2,39,1,5,83.33,3,0
van-jefferson,2020,LosAngelesRams,16,19,220,11.6,31,1,11,57.89,2,0
justin-jefferson,2020,MinnesotaVikings,16,88,1400,15.9,71,7,58,65.91,23,4
blake-jarwin,2020,DallasCowboys,1,1,12,12,12,0,1,100,0,0
andy-janovich,2020,ClevelandBrowns,14,2,13,6.5,13,0,1,50,0,0
richie-james,2020,SanFrancisco49ers,11,23,394,17.1,47,1,14,60.87,7,4
jesse-james,2020,DetroitLions,16,14,129,9.2,31,2,6,42.86,2,0
josh-jacobs,2020,LasVegasRaiders,15,33,238,7.2,29,0,9,27.27,1,0
justin-jackson,2020,LosAngelesChargers,9,19,173,9.1,34,0,7,36.84,2,0
gabe-jackson,2020,LasVegasRaiders,16,--,--,--,--,--,--,--,--,--
desean-jackson,2020,PhiladelphiaEagles,5,14,236,16.9,81,1,10,71.43,3,1
cooper-kupp,2020,LosAngelesRams,15,92,974,10.6,55,3,45,48.91,12,2
jake-kumerow,2020,NewOrleansSaints,6,1,22,22,22,1,1,100,1,0
tyler-kroft,2020,BuffaloBills,10,12,119,9.9,38,3,9,75,1,0
dawson-knox,2020,BuffaloBills,12,24,288,12,36,3,14,58.33,3,0
cole-kmet,2020,ChicagoBears,16,28,243,8.7,38,2,12,42.86,1,0
george-kittle,2020,SanFrancisco49ers,8,48,634,13.2,44,2,32,66.67,8,2
keith-kirkwood,2020,CarolinaPanthers,1,1,13,13,13,0,0,0,0,0
christian-kirk,2020,ArizonaCardinals,14,48,621,12.9,80,6,30,62.5,7,3
adrian-killins-jr,2020,PhiladelphiaEagles,1,1,2,2,2,0,0,0,0,0
darvin-kidsy,2020,SeattleSeahawks,--,--,--,--,--,--,--,--,--,--
marcus-kemp,2020,KansasCityChiefs,11,1,11,11,11,0,1,100,0,0
ryan-kelly,2020,IndianapolisColts,15,--,--,--,--,--,--,--,--,--
john-kelly,2020,ClevelandBrowns,--,--,--,--,--,--,--,--,--,--
dennis-kelly,2020,TennesseeTitans,16,--,--,--,--,--,--,--,--,--
joshua-kelley,2020,LosAngelesChargers,14,23,148,6.4,35,0,9,39.13,1,0
senio-kelemete,2020,HoustonTexans,14,--,--,--,--,--,--,--,--,--
travis-kelce,2020,KansasCityChiefs,15,105,1416,13.5,45,11,79,75.24,23,2
nick-keizer,2020,KansasCityChiefs,16,6,63,10.5,22,0,2,33.33,1,0
dalton-keene-2,2020,NewEnglandPatriots,6,3,16,5.3,8,0,0,0,0,0
alvin-kamara,2020,NewOrleansSaints,15,83,756,9.1,52,5,35,42.17,9,2
t-j-logan,2020,TampaBayBuccaneers,--,--,--,--,--,--,--,--,--,--
tyler-lockett,2020,SeattleSeahawks,16,100,1054,10.5,47,10,57,57,10,2
phillip-lindsay,2020,DenverBroncos,11,7,28,4,11,0,1,14.29,0,0
tommylee-lewis,2020,NewOrleansSaints,5,1,5,5,5,0,0,0,0,0
marcedes-lewis,2020,GreenBayPackers,15,10,107,10.7,36,3,6,60,1,0
dion-lewis,2020,NewYorkGiants,16,19,127,6.7,17,1,8,42.11,0,0
taylor-lewan,2020,TennesseeTitans,5,--,--,--,--,--,--,--,--,--
jordan-leggett,2020,DenverBroncos,--,--,--,--,--,--,--,--,--,--
marqise-lee,2020,NewEnglandPatriots,--,--,--,--,--,--,--,--,--,--
khari-lee,2020,DetroitLions,--,--,--,--,--,--,--,--,--,--
allen-lazard,2020,GreenBayPackers,10,33,451,13.7,72,3,23,69.7,6,2
jarvis-landry,2020,ClevelandBrowns,15,72,840,11.7,32,3,46,63.89,11,0
kendall-lamm,2020,ClevelandBrowns,15,1,1,1,1,1,1,100,0,0
ceedee-lamb,2020,DallasCowboys,16,74,935,12.6,52,5,46,62.16,18,3
patrick-laird,2020,MiamiDolphins,16,10,68,6.8,17,0,3,30,0,0
chris-lacy,2020,DallasCowboys,--,--,--,--,--,--,--,--,--,--
matt-lacosse,2020,NewEnglandPatriots,--,--,--,--,--,--,--,--,--,--
latavius-murray,2020,NewOrleansSaints,15,23,176,7.7,25,1,8,34.78,2,0
johnny-mundt,2020,LosAngelesRams,16,4,53,13.3,34,0,1,25,1,0
raheem-mostert,2020,SanFrancisco49ers,8,16,156,9.8,76,1,5,31.25,1,1
zack-moss,2020,BuffaloBills,13,14,95,6.8,20,1,5,35.71,1,0
alfred-morris,2020,NewYorkGiants,9,3,19,6.3,9,1,2,66.67,0,0
stanley-morgan,2020,CincinnatiBengals,6,--,--,--,--,--,--,--,--,--
foster-moreau,2020,LasVegasRaiders,16,7,140,20,47,2,5,71.43,4,1
j-mon-moore,2020,HoustonTexans,--,--,--,--,--,--,--,--,--,--
jason-moore,2020,LosAngelesChargers,2,--,--,--,--,--,--,--,--,--
d-j-moore,2020,CarolinaPanthers,15,66,1193,18.1,74,4,53,80.3,19,6
david-moore,2020,SeattleSeahawks,16,35,417,11.9,57,6,18,51.43,5,3
chris-moore,2020,BaltimoreRavens,3,--,--,--,--,--,--,--,--,--
darnell-mooney,2020,ChicagoBears,16,61,631,10.3,53,4,33,54.1,6,2
ty-montgomery,2020,NewOrleansSaints,6,3,27,9,17,0,1,33.33,0,0
david-montgomery,2020,ChicagoBears,15,54,438,8.1,28,2,25,46.3,2,0
donte-moncrief,2020,NewEnglandPatriots,6,1,15,15,15,0,1,100,0,0
taquan-mizzell,2020,NewYorkGiants,--,--,--,--,--,--,--,--,--,--
joe-mixon,2020,CincinnatiBengals,6,21,138,6.6,19,1,5,23.81,0,0
steven-mitchell,2020,HoustonTexans,6,5,60,12,20,0,3,60,1,0
gardner-minshew,2020,JacksonvilleJaguars,9,1,0,0,0,0,0,0,0,0
denzel-mims,2020,NewYorkJets,9,23,357,15.5,30,0,15,65.22,6,0
scott-miller,2020,TampaBayBuccaneers,16,33,501,15.2,48,3,20,60.61,7,3
lamar-miller,2020,WashingtonFootballTeam,1,2,6,3,7,0,1,50,0,0
bruce-miller,2020,JacksonvilleJaguars,8,1,2,2,2,0,1,100,0,0
anthony-miller,2020,ChicagoBears,16,49,485,9.9,34,2,23,46.94,4,0
jaydon-mickens,2020,TampaBayBuccaneers,10,7,58,8.3,11,0,6,85.71,0,0
sony-michel,2020,NewEnglandPatriots,9,7,114,16.3,31,1,5,71.43,2,0
jakobi-meyers,2020,NewEnglandPatriots,14,59,729,12.4,35,0,37,62.71,11,0
d-k-metcalf,2020,SeattleSeahawks,16,83,1303,15.7,62,10,63,75.9,17,5
jeremy-mcnichols,2020,TennesseeTitans,16,12,55,4.6,9,0,0,0,0,0
rodney-mcleod,2020,PhiladelphiaEagles,13,--,--,--,--,--,--,--,--,--
terry-mclaurin,2020,WashingtonFootballTeam,15,87,1118,12.9,68,4,51,58.62,17,3
j-d-mckissic,2020,WashingtonFootballTeam,16,80,589,7.4,29,2,32,40,2,0
jerick-mckinnon,2020,SanFrancisco49ers,16,33,253,7.7,26,1,12,36.36,2,0
isaiah-mckenzie,2020,BuffaloBills,16,30,282,9.4,46,5,17,56.67,3,1
elijah-mcguire,2020,KansasCityChiefs,0,--,--,--,--,--,--,--,--,--
kaleb-mcgary,2020,AtlantaFalcons,14,--,--,--,--,--,--,--,--,--
anthony-mcfarland-2,2020,PittsburghSteelers,11,6,54,9,17,0,1,16.67,0,0
codey-mcelroy,2020,TampaBayBuccaneers,--,--,--,--,--,--,--,--,--,--
vance-mcdonald,2020,PittsburghSteelers,14,15,99,6.6,15,0,4,26.67,0,0
lesean-mccoy,2020,TampaBayBuccaneers,10,15,101,6.7,15,0,3,20,0,0
colt-mccoy,2020,NewYorkGiants,4,--,--,--,--,--,--,--,--,--
josh-mccown,2020,HoustonTexans,0,--,--,--,--,--,--,--,--,--
ray-ray-mccloud,2020,PittsburghSteelers,16,20,77,3.9,13,0,3,15,0,0
christian-mccaffrey,2020,CarolinaPanthers,3,17,149,8.8,24,1,8,47.06,1,0
baker-mayfield,2020,ClevelandBrowns,16,1,6,6,6,0,1,100,0,0
alexander-mattison,2020,MinnesotaVikings,13,13,125,9.6,28,1,5,38.46,1,0
jordan-matthews,2020,SanFrancisco49ers,2,--,--,--,--,--,--,--,--,--
bobby-massie,2020,ChicagoBears,8,1,4,4,4,0,1,100,0,0
marcus-mariota,2020,LasVegasRaiders,1,--,--,--,--,--,--,--,--,--
chris-manhertz,2020,CarolinaPanthers,16,6,52,8.7,17,0,1,16.67,0,0
josh-malone,2020,NewYorkJets,4,4,16,4,13,0,1,25,0,0
marlon-mack,2020,IndianapolisColts,1,3,30,10,19,0,1,33.33,0,0
austin-mack,2020,NewYorkGiants,11,7,91,13,50,0,5,71.43,1,1
david-njoku,2020,ClevelandBrowns,13,19,213,11.2,28,2,13,68.42,4,0
cam-newton,2020,NewEnglandPatriots,15,2,35,17.5,19,1,2,100,0,0
j-j-nelson,2020,BuffaloBills,--,--,--,--,--,--,--,--,--,--
siran-neal,2020,BuffaloBills,16,1,13,13,13,0,1,100,0,0
isaac-nauta,2020,GreenBayPackers,7,1,3,3,3,0,0,0,0,0
jojo-natson,2020,ClevelandBrowns,3,--,--,--,--,--,--,--,--,--
ryan-nall,2020,ChicagoBears,16,8,67,8.4,18,1,5,62.5,0,0
gabe-nabers,2020,LosAngelesChargers,16,5,25,5,9,2,2,40,0,0
devine-ozigbo,2020,JacksonvilleJaguars,8,9,42,4.7,12,0,3,33.33,0,0
james-o-shaughnessy,2020,JacksonvilleJaguars,15,28,262,9.4,26,0,12,42.86,3,0
gunner-olszewski,2020,NewEnglandPatriots,13,5,62,12.4,38,1,3,60,1,0
greg-olsen,2020,SeattleSeahawks,11,24,239,10,22,1,16,66.67,3,0
qadree-ollison,2020,AtlantaFalcons,3,--,--,--,--,--,--,--,--,--
josh-oliver,2020,JacksonvilleJaguars,--,--,--,--,--,--,--,--,--,--
nick-o-leary,2020,LasVegasRaiders,--,--,--,--,--,--,--,--,--,--
jamize-olawale,2020,DallasCowboys,--,--,--,--,--,--,--,--,--,--
albert-okwuegbunam,2020,DenverBroncos,4,11,121,11,27,1,6,54.55,1,0
dare-ogunbowale,2020,JacksonvilleJaguars,14,10,54,5.4,12,0,4,40,0,0
spencer-pulley,2020,NewYorkGiants,0,--,--,--,--,--,--,--,--,--
mycole-pruitt,2020,TennesseeTitans,11,5,49,9.8,22,2,4,80,1,0
c-j-prosise,2020,TampaBayBuccaneers,10,5,18,3.6,10,1,1,20,0,0
james-proche,2020,BaltimoreRavens,14,1,14,14,14,0,1,100,0,0
byron-pringle,2020,KansasCityChiefs,13,13,160,12.3,37,1,9,69.23,3,0
dak-prescott,2020,DallasCowboys,5,1,11,11,11,1,1,100,0,0
brandon-powell,2020,AtlantaFalcons,15,12,69,5.8,13,2,5,41.67,0,0
maurkice-pouncey,2020,PittsburghSteelers,13,--,--,--,--,--,--,--,--,--
troymaine-pope,2020,LosAngelesChargers,6,8,42,5.3,11,0,1,12.5,0,0
tony-pollard,2020,DallasCowboys,16,28,193,6.9,30,1,9,32.14,1,0
michael-pittman-2,2020,IndianapolisColts,13,40,503,12.6,45,1,22,55,5,2
scottie-phillips,2020,HoustonTexans,8,1,7,7,7,0,0,0,0,0
dante-pettis,2020,NewYorkGiants,7,4,76,19,33,1,3,75,2,0
patrick-peterson,2020,ArizonaCardinals,16,--,--,--,--,--,--,--,--,--
adrian-peterson,2020,DetroitLions,16,12,101,8.4,23,0,4,33.33,1,0
jason-peters,2020,PhiladelphiaEagles,8,--,--,--,--,--,--,--,--,--
senorise-perry,2020,TennesseeTitans,7,--,--,--,--,--,--,--,--,--
malcolm-perry,2020,MiamiDolphins,9,9,92,10.2,25,1,4,44.44,1,0
breshad-perriman,2020,NewYorkJets,12,30,505,16.8,53,3,20,66.67,10,3
paul-perkins,2020,IndianapolisColts,--,--,--,--,--,--,--,--,--,--
josh-perkins,2020,PhiladelphiaEagles,--,--,--,--,--,--,--,--,--,--
samaje-perine,2020,CincinnatiBengals,16,11,66,6,15,0,4,36.36,0,0
la-mical-perine,2020,NewYorkJets,10,11,63,5.7,14,0,3,27.27,0,0
donovan-peoples-jones,2020,ClevelandBrowns,12,14,304,21.7,75,2,10,71.43,4,1
rashaad-penny,2020,SeattleSeahawks,3,--,--,--,--,--,--,--,--,--
elijhaa-penny,2020,NewYorkGiants,14,2,20,10,11,0,1,50,0,0
andre-patton,2020,MiamiDolphins,--,--,--,--,--,--,--,--,--,--
cordarrelle-patterson,2020,ChicagoBears,16,21,132,6.3,25,0,7,33.33,1,0
tim-patrick,2020,DenverBroncos,15,51,742,14.6,61,6,33,64.71,14,4
zach-pascal,2020,IndianapolisColts,16,44,629,14.3,42,5,29,65.91,13,1
colby-parkinson,2020,SeattleSeahawks,6,2,16,8,10,0,2,100,0,0
devante-parker,2020,MiamiDolphins,14,63,793,12.6,31,4,45,71.43,10,0
donald-parham,2020,LosAngelesChargers,13,10,159,15.9,26,3,8,80,4,0
brent-qvale,2020,HoustonTexans,14,--,--,--,--,--,--,--,--,--
trey-quinn,2020,JacksonvilleJaguars,1,--,--,--,--,--,--,--,--,--
david-quessenberry,2020,TennesseeTitans,12,--,--,--,--,--,--,--,--,--
matt-ryan,2020,AtlantaFalcons,16,--,--,--,--,--,--,--,--,--
henry-ruggs-iii,2020,LasVegasRaiders,13,26,452,17.4,72,2,13,50,8,4
kyle-rudolph,2020,MinnesotaVikings,12,28,334,11.9,25,1,16,57.14,5,0
john-ross,2020,CincinnatiBengals,3,2,17,8.5,15,0,1,50,0,0
chester-rogers,2020,TennesseeTitans,--,--,--,--,--,--,--,--,--,--
ben-roethlisberger,2020,PittsburghSteelers,15,--,--,--,--,--,--,--,--,--
richard-rodgers,2020,PhiladelphiaEagles,14,24,345,14.4,33,2,16,66.67,5,0
aaron-rodgers,2020,GreenBayPackers,16,1,-6,-6,-6,0,0,0,0,0
james-robinson-3,2020,JacksonvilleJaguars,14,49,344,7,28,3,15,30.61,2,0
demarcus-robinson,2020,KansasCityChiefs,16,45,466,10.4,28,3,26,57.78,7,0
allen-robinson,2020,ChicagoBears,16,102,1250,12.3,42,6,68,66.67,22,1
seth-roberts,2020,GreenBayPackers,7,4,31,7.8,12,0,2,50,0,0
elandon-roberts,2020,MiamiDolphins,13,--,--,--,--,--,--,--,--,--
andre-roberts,2020,BuffaloBills,15,4,34,8.5,16,0,2,50,0,0
philip-rivers,2020,IndianapolisColts,16,--,--,--,--,--,--,--,--,--
riley-ridley,2020,ChicagoBears,5,4,39,9.8,18,0,3,75,0,0
calvin-ridley,2020,AtlantaFalcons,15,90,1374,15.3,63,9,65,72.22,23,3
theo-riddick,2020,LasVegasRaiders,4,5,43,8.6,15,0,1,20,0,0
jalen-richard,2020,LasVegasRaiders,13,19,138,7.3,19,0,5,26.32,0,0
patrick-ricard,2020,BaltimoreRavens,15,9,45,5,11,1,3,33.33,0,0
josh-reynolds,2020,LosAngelesRams,16,52,618,11.9,40,2,31,59.62,8,1
craig-reynolds,2020,JacksonvilleJaguars,2,1,3,3,3,0,0,0,0,0
hunter-renfrow,2020,LasVegasRaiders,16,56,656,11.7,53,2,32,57.14,7,2
jordan-reed,2020,SanFrancisco49ers,10,26,231,8.9,26,4,16,61.54,1,0
jalen-reagor,2020,PhiladelphiaEagles,11,31,396,12.8,55,1,19,61.29,4,1
kalif-raymond,2020,TennesseeTitans,15,9,187,20.8,61,0,7,77.78,4,2
damion-ratley,2020,HoustonTexans,5,4,63,15.8,29,0,2,50,1,0
tyrone-swoopes,2020,WashingtonFootballTeam,--,--,--,--,--,--,--,--,--,--
ryan-switzer,2020,ClevelandBrowns,--,--,--,--,--,--,--,--,--,--
d-andre-swift,2020,DetroitLions,13,46,357,7.8,26,2,15,32.61,1,0
tommy-sweeney,2020,BuffaloBills,--,--,--,--,--,--,--,--,--,--
freddie-swain,2020,SeattleSeahawks,16,13,159,12.2,23,2,6,46.15,3,0
geoff-swaim,2020,TennesseeTitans,10,9,83,9.2,16,1,6,66.67,0,0
courtland-sutton,2020,DenverBroncos,1,3,66,22,45,0,2,66.67,2,1
luke-stocker,2020,AtlantaFalcons,16,7,63,9,25,0,4,57.14,1,0
kenny-stills,2020,BuffaloBills,10,11,144,13.1,24,1,8,72.73,2,0
jace-sternberger,2020,GreenBayPackers,12,12,114,9.5,27,1,6,50,2,0
equanimeous-st-brown,2020,GreenBayPackers,12,7,117,16.7,24,1,6,85.71,3,0
matthew-stafford,2020,DetroitLions,16,0,0,0,--,0,0,0,0,0
jeremy-sprinkle,2020,WashingtonFootballTeam,16,1,6,6,6,0,0,0,0,0
diontae-spencer,2020,DenverBroncos,11,3,26,8.7,10,0,1,33.33,0,0
benny-snell,2020,PittsburghSteelers,16,10,61,6.1,14,0,3,30,0,0
willie-snead,2020,BaltimoreRavens,13,33,432,13.1,34,3,23,69.7,7,0
durham-smythe,2020,MiamiDolphins,15,26,208,8,19,2,13,50,0,0
juju-smith-schuster,2020,PittsburghSteelers,16,97,831,8.6,31,9,48,49.48,13,0
vyncint-smith,2020,NewYorkJets,7,1,13,13,13,0,1,100,0,0
tre-quan-smith,2020,NewOrleansSaints,14,34,448,13.2,31,4,22,64.71,9,0
rodney-smith-2,2020,CarolinaPanthers,7,9,59,6.6,12,0,1,11.11,0,0
rod-smith,2020,NewYorkGiants,--,--,--,--,--,--,--,--,--,--
lee-smith,2020,BuffaloBills,10,4,35,8.8,27,2,3,75,1,0
keith-smith,2020,AtlantaFalcons,16,11,59,5.4,13,0,4,36.36,0,0
jonnu-smith,2020,TennesseeTitans,15,41,448,10.9,63,8,25,60.98,4,1
jeff-smith,2020,NewYorkJets,12,17,167,9.8,21,0,9,52.94,1,0
ito-smith,2020,AtlantaFalcons,14,17,75,4.4,17,0,3,17.65,0,0
geno-smith,2020,SeattleSeahawks,1,--,--,--,--,--,--,--,--,--
devin-smith,2020,NewEnglandPatriots,--,--,--,--,--,--,--,--,--,--
alex-smith,2020,WashingtonFootballTeam,8,--,--,--,--,--,--,--,--,--
irv-smith,2020,MinnesotaVikings,13,30,365,12.2,36,5,22,73.33,6,0
kaden-smith,2020,NewYorkGiants,15,18,112,6.2,16,0,8,44.44,0,0
wendell-smallwood,2020,PittsburghSteelers,1,--,--,--,--,--,--,--,--,--
darius-slayton,2020,NewYorkGiants,16,50,751,15,41,3,40,80,10,2
matthew-slater,2020,NewEnglandPatriots,16,--,--,--,--,--,--,--,--,--
devin-singletary,2020,BuffaloBills,16,38,269,7.1,34,0,8,21.05,2,0
steven-sims,2020,WashingtonFootballTeam,12,27,265,9.8,30,1,13,48.15,3,0
cam-sims,2020,WashingtonFootballTeam,16,32,477,14.9,50,1,18,56.25,9,2
anthony-sherman,2020,KansasCityChiefs,13,1,5,5,5,1,1,100,0,0
trent-sherfield,2020,ArizonaCardinals,15,5,50,10,26,0,2,40,1,0
darrius-shepherd,2020,GreenBayPackers,8,5,46,9.2,19,0,1,20,0,0
sterling-shepard,2020,NewYorkGiants,12,66,656,9.9,29,3,37,56.06,10,0
laviska-shenault-jr,2020,JacksonvilleJaguars,14,58,600,10.3,36,5,33,56.9,10,0
tajae-sharpe,2020,KansasCityChiefs,4,0,0,0,--,0,0,0,0,0
adam-shaheen,2020,MiamiDolphins,16,12,150,12.5,43,3,9,75,2,1
ricky-seals-jones,2020,KansasCityChiefs,2,0,0,0,--,0,0,0,0,0
nick-scott,2020,LosAngelesRams,15,--,--,--,--,--,--,--,--,--
jaleel-scott,2020,NewYorkJets,1,1,16,16,16,0,1,100,0,0
da-mari-scott,2020,NewYorkGiants,--,--,--,--,--,--,--,--,--,--
boston-scott,2020,PhiladelphiaEagles,16,25,212,8.5,18,1,8,32,0,0
dalton-schultz,2020,DallasCowboys,16,63,615,9.8,28,4,33,52.38,3,0
matt-schaub,2020,AtlantaFalcons,1,--,--,--,--,--,--,--,--,--
max-scharping,2020,HoustonTexans,15,0,7,0,7,0,0,0,0,0
bo-scarbrough,2020,SeattleSeahawks,1,--,--,--,--,--,--,--,--,--
eric-saubert,2020,JacksonvilleJaguars,8,3,16,5.3,9,0,0,0,0,0
mohamed-sanu,2020,DetroitLions,10,17,187,11,21,1,13,76.47,3,0
jason-sanders,2020,MiamiDolphins,16,--,--,--,--,--,--,--,--,--
emmanuel-sanders,2020,NewOrleansSaints,14,61,726,11.9,51,5,33,54.1,7,2
miles-sanders,2020,PhiladelphiaEagles,12,28,197,7,28,0,8,28.57,3,0
jaylen-samuels,2020,PittsburghSteelers,14,9,46,5.1,12,0,2,22.22,0,0
deebo-samuel,2020,SanFrancisco49ers,7,33,391,11.9,35,1,19,57.58,8,0
curtis-samuel,2020,CarolinaPanthers,15,77,851,11.1,44,3,39,50.65,12,1
drew-sample,2020,CincinnatiBengals,16,40,349,8.7,23,1,16,40,1,0
ty-sambrailo,2020,TennesseeTitans,10,--,--,--,--,--,--,--,--,--
malik-turner,2020,DallasCowboys,6,--,--,--,--,--,--,--,--,--
zeke-turner,2020,ArizonaCardinals,16,1,26,26,26,0,1,100,1,0
laquon-treadwell,2020,AtlantaFalcons,5,6,49,8.2,14,2,4,66.67,0,0
ross-travis,2020,NewYorkJets,1,--,--,--,--,--,--,--,--,--
adam-trautman,2020,NewOrleansSaints,15,15,171,11.4,41,1,9,60,2,1
robert-tonyan,2020,GreenBayPackers,16,52,586,11.3,45,11,33,63.46,9,1
eric-tomlinson,2020,BaltimoreRavens,7,0,0,0,--,0,0,0,0,0
levine-toilolo,2020,NewYorkGiants,16,5,46,9.2,14,0,3,60,0,0
darwin-thompson,2020,KansasCityChiefs,14,7,65,9.3,37,1,3,42.86,1,0
colin-thompson,2020,CarolinaPanthers,15,1,7,7,7,1,1,100,0,0
chris-thompson,2020,JacksonvilleJaguars,8,20,146,7.3,15,1,5,25,0,0
mike-thomas-2,2020,CincinnatiBengals,14,13,132,10.2,29,1,7,53.85,2,0
michael-thomas,2020,NewOrleansSaints,7,40,438,11,24,0,25,62.5,5,0
logan-thomas,2020,WashingtonFootballTeam,16,72,670,9.3,30,6,36,50,5,0
jordan-thomas,2020,NewEnglandPatriots,6,1,3,3,3,1,1,100,0,0
ian-thomas,2020,CarolinaPanthers,16,20,145,7.3,21,1,11,55,1,0
de-anthony-thomas,2020,BaltimoreRavens,--,--,--,--,--,--,--,--,--,--
chris-david-thompson,2020,SanFrancisco49ers,--,--,--,--,--,--,--,--,--,--
adam-thielen,2020,MinnesotaVikings,15,74,925,12.5,51,14,52,70.27,11,1
wyatt-teller,2020,ClevelandBrowns,11,--,--,--,--,--,--,--,--,--
tyrod-taylor,2020,LosAngelesChargers,2,--,--,--,--,--,--,--,--,--
trent-taylor,2020,SanFrancisco49ers,12,10,86,8.6,29,0,5,50,2,0
taywan-taylor,2020,ClevelandBrowns,3,0,0,0,--,0,0,0,0,0
malik-taylor,2020,GreenBayPackers,15,5,66,13.2,26,1,4,80,2,0
jonathan-taylor,2020,IndianapolisColts,15,36,299,8.3,39,1,12,33.33,5,0
j-j-taylor,2020,NewEnglandPatriots,6,1,4,4,4,0,0,0,0,0
golden-tate,2020,NewYorkGiants,12,35,388,11.1,39,2,19,54.29,5,0
auden-tate,2020,CincinnatiBengals,9,14,150,10.7,19,0,9,64.29,0,0
ryan-tannehill,2020,TennesseeTitans,16,1,0,0,0,0,0,0,0,0
c-j-uzomah,2020,CincinnatiBengals,2,8,87,10.9,23,1,6,75,1,0
john-ursua,2020,SeattleSeahawks,--,--,--,--,--,--,--,--,--,--
danny-vitale,2020,NewEnglandPatriots,--,--,--,--,--,--,--,--,--,--
alejandro-villanueva,2020,PittsburghSteelers,16,--,--,--,--,--,--,--,--,--
vita-vea,2020,TampaBayBuccaneers,5,--,--,--,--,--,--,--,--,--
ke-shawn-vaughn,2020,TampaBayBuccaneers,10,5,34,6.8,13,1,2,40,0,0
nick-vannett,2020,DenverBroncos,15,14,95,6.8,19,1,6,42.86,0,0
marquez-valdes-scantling,2020,GreenBayPackers,16,33,690,20.9,78,6,27,81.82,10,6
isaiah-wright,2020,WashingtonFootballTeam,14,27,197,7.3,22,0,10,37.04,1,0
robert-woods,2020,LosAngelesRams,16,90,936,10.4,56,6,46,51.11,11,1
charlie-woerner,2020,SanFrancisco49ers,14,3,36,12,18,0,2,66.67,0,0
jason-witten,2020,LasVegasRaiders,16,13,69,5.3,15,2,8,61.54,0,0
javon-wims,2020,ChicagoBears,13,6,48,8,13,1,4,66.67,0,0
russell-wilson,2020,SeattleSeahawks,16,--,--,--,--,--,--,--,--,--
luke-willson,2020,SeattleSeahawks,8,1,12,12,12,0,0,0,0,0
jeff-wilson,2020,SanFrancisco49ers,12,13,133,10.2,21,3,8,61.54,1,0
ced-wilson,2020,DallasCowboys,16,17,189,11.1,42,2,10,58.82,2,2
albert-wilson,2020,MiamiDolphins,--,--,--,--,--,--,--,--,--,--
damion-willis,2020,JacksonvilleJaguars,--,--,--,--,--,--,--,--,--,--
derrick-willies,2020,ClevelandBrowns,1,--,--,--,--,--,--,--,--,--
tyrell-williams,2020,LasVegasRaiders,--,--,--,--,--,--,--,--,--,--
preston-williams,2020,MiamiDolphins,8,18,288,16,47,4,14,77.78,6,1
maxx-williams,2020,ArizonaCardinals,9,8,102,12.8,42,1,4,50,2,1
jonathan-williams,2020,WashingtonFootballTeam,5,4,21,5.3,10,0,2,50,0,0
jamaal-williams,2020,GreenBayPackers,14,31,236,7.6,29,1,11,35.48,1,0
duke-williams,2020,BuffaloBills,1,--,--,--,--,--,--,--,--,--
darrel-williams,2020,KansasCityChiefs,16,18,116,6.4,15,0,6,33.33,0,0
damien-williams,2020,KansasCityChiefs,--,--,--,--,--,--,--,--,--,--
trayveon-williams,2020,CincinnatiBengals,10,5,30,6,13,0,1,20,0,0
chad-williams,2020,KansasCityChiefs,--,--,--,--,--,--,--,--,--,--
antonio-williams,2020,BuffaloBills,1,1,20,20,20,0,1,100,1,0
jordan-wilkins,2020,IndianapolisColts,15,12,105,8.8,24,0,3,25,2,0
christian-wilkins,2020,MiamiDolphins,14,--,--,--,--,--,--,--,--,--
mike-williams,2020,LosAngelesChargers,15,48,756,15.8,64,5,35,72.92,13,2
cole-wick,2020,NewOrleansSaints,--,--,--,--,--,--,--,--,--,--
kerrith-whyte,2020,DetroitLions,--,--,--,--,--,--,--,--,--,--
andrew-whitworth,2020,LosAngelesRams,9,--,--,--,--,--,--,--,--,--
kevin-white,2020,SanFrancisco49ers,3,--,--,--,--,--,--,--,--,--
james-white,2020,NewEnglandPatriots,14,49,375,7.7,34,1,20,40.82,4,0
deandrew-white,2020,BaltimoreRavens,--,--,--,--,--,--,--,--,--,--
nick-westbrook,2020,TennesseeTitans,14,3,33,11,19,0,3,100,0,0
dede-westbrook,2020,JacksonvilleJaguars,2,1,4,4,4,0,0,0,0,0
trevon-wesco,2020,NewYorkJets,12,1,5,5,5,0,0,0,0,0
carson-wentz,2020,PhiladelphiaEagles,12,--,--,--,--,--,--,--,--,--
joe-webb,2020,NewYorkGiants,2,--,--,--,--,--,--,--,--,--
j-j-watt,2020,HoustonTexans,16,--,--,--,--,--,--,--,--,--
derek-watt,2020,PittsburghSteelers,12,--,--,--,--,--,--,--,--,--
justin-watson,2020,TampaBayBuccaneers,11,7,94,13.4,36,0,5,71.43,1,0
deshaun-watson,2020,HoustonTexans,16,0,0,0,0,0,0,0,0,0
sammy-watkins,2020,KansasCityChiefs,10,37,421,11.4,37,2,27,72.97,4,0
quez-watkins,2020,PhiladelphiaEagles,6,7,106,15.1,43,1,4,57.14,2,1
james-washington,2020,PittsburghSteelers,16,30,392,13.1,50,5,19,63.33,5,1
dwayne-washington,2020,NewOrleansSaints,11,--,--,--,--,--,--,--,--,--
deandre-washington,2020,MiamiDolphins,4,5,30,6,10,0,2,40,0,0
kahale-warring,2020,HoustonTexans,7,3,35,11.7,23,0,2,66.67,1,0
spencer-ware,2020,ChicagoBears,--,--,--,--,--,--,--,--,--,--
jonathan-ward,2020,ArizonaCardinals,14,1,11,11,11,1,1,100,0,0
greg-ward,2020,PhiladelphiaEagles,16,53,419,7.9,32,6,24,45.28,3,0
austin-walter,2020,SanFrancisco49ers,4,1,27,27,27,0,1,100,1,0
darren-waller,2020,LasVegasRaiders,16,107,1196,11.2,38,9,69,64.49,16,0
t-j-yeldon,2020,BuffaloBills,3,1,22,22,22,1,1,100,1,0
deon-yelder,2020,KansasCityChiefs,14,7,36,5.1,12,0,2,28.57,0,0
brandon-zylstra,2020,CarolinaPanthers,16,3,35,11.7,28,0,3,100,1,0
isaiah-zuber,2020,NewEnglandPatriots,4,2,29,14.5,16,0,1,50,0,0
kevin-zeitler,2020,NewYorkGiants,16,--,--,--,--,--,--,--,--,--
olamide-zaccheaus,2020,AtlantaFalcons,11,20,274,13.7,51,1,16,80,2,2
